RecAreaID,OrgRecAreaID,ParentOrgID,RecAreaName,RecAreaDescription,RecAreaUseFeeDescription,RecAreaDirections,RecAreaPhone,RecAreaEmail,RecAreaReservationURL,RecAreaMapURL,RecAreaLongitude,RecAreaLatitude,StayLimit,Keywords,Reservable,Enabled,LastUpdatedDate,nps_name
13525,GRTE,128,Grand Teton National Park,"Rising above a scene rich with extraordinary wildlife, pristine lakes, and alpine terrain, the Teton Range stands as a monument to the people who fought to protect it. These are mountains of the imagination. Mountains that led to the creation of Grand Teton National Park where you can explore over two hundred miles of trails, float the Snake River, and enjoy the serenity of this remarkable place.",,"Grand Teton National Park is located in northwestern Wyoming north of the town of Jackson, Wyoming and south of Yellowstone National Park.",(307) 739-3399,grte_info@nps.gov,,,-110.705467,43.818536,,"Arts and Culture,Auto and ATV,Biking,Boating,Camping,Horse Camping (see also Horse/Stock Use),Climbing,Fishing,Hiking,Horse Camping (see also camping),Horseback Riding,Hunting,Paddling,Water Skiing,Wildlife Watching,Grand Teton National Park",FALSE,TRUE,3/19/20,['grand teton']
13951,JEFF,128,Gateway Arch National Park,"The Gateway Arch reflects St. Louis' role in the Westward Expansion of the United States during the nineteenth century. The park is a memorial to Thomas Jefferson's role in opening the West, to the pioneers who helped shape its history, and to Dred Scott who sued for his freedom in the Old Courthouse.",,For directions click on the provided link,(314) 655-1600,jeff_superintendent@nps.gov,,,-90.189251,38.625807,,Gateway Arch National Park,FALSE,TRUE,3/19/20,['gateway arch']
140042,,128,Channel Islands National Park,Channel Islands National Park,,,,,,,0,0,,,TRUE,TRUE,3/19/20,['channel islands']
2554,ACAD,128,Acadia National Park,"Acadia National Park protects the natural beauty of the highest rocky headlands along the Atlantic coastline of the United States, an abundance of habitats, and a rich cultural heritage. At 3.5 million visits a year, it's one of the top 10 most-visited national parks in the United States. Visitors enjoy 27 miles of historic motor roads, 158 miles of hiking trails, and 45 miles of carriage roads.",,"From Boston take I-95 north to Augusta, Maine, then Route 3 east to Ellsworth, and on to Mount Desert Island. For an alternate route, continue on I-95 north to Bangor, Maine, then take Route 1A east to Ellsworth. In Ellsworth, take Route 3 to Mount Desert Island.",(207) 288-3338,acadia_information@nps.gov,,,-68.300633,44.307775,,"Arts and Culture,Biking,Boating,Camping,Climbing,Fishing,Picnicking,Hiking,Horseback Riding,Paddling,Swimming,Wildlife Watching,Acadia National Park",FALSE,TRUE,3/19/20,['acadia']
2573,ARCH,128,Arches National Park,"Visit Arches to discover a landscape of contrasting colors, land forms and textures unlike any other in the world. The park has over 2,000 natural stone arches, in addition to hundreds of soaring pinnacles, massive fins and giant balanced rocks. This red-rock wonderland will amaze you with its formations, refresh you with its trails, and inspire you with its sunsets.",,"Arches National Park is located in southeast Utah, five miles north of Moab on US 191.

From Moab, Utah, drive five miles north on Main Street/US 191. Turn right at the stoplight.

From Interstate 70, take exit 182 (Crescent Junction), then drive south 28 miles on US 191. Turn left at the stoplight.",(435) 719-2299,archinfo@nps.gov,,,-109.586367,38.722618,,"Arts and Culture,Auto and ATV,Biking,Camping,Climbing,Hiking,Horseback Riding,Arches National Park",FALSE,TRUE,3/19/20,['arches']
2578,BADL,128,Badlands National Park,"The rugged beauty of the Badlands draws visitors from around the world. These striking geologic deposits contain one of the world’s richest fossil beds. Ancient mammals such as the rhino, horse, and saber-toothed cat once roamed here. The park’s 244,000 acres protect an expanse of mixed-grass prairie where bison, bighorn sheep, prairie dogs, and black-footed ferrets live today.",,"Badlands National Park is located 75 miles east of Rapid City, South Dakota.

Physical Addresses for GPS*

Park Headquarters: 25216 Ben Reifel Road, Interior, SD 57750.
Northeast Entrance (I-90, Exit 131): 21020 SD Hwy 240, Interior, SD 57750.
Pinnacles Entrance (I-90, Exit 110): 24240 Hwy 240, Wall, SD 57790.
Interior Entrance: 20640 SD Hwy 377, Interior, SD 57750.",(605) 433-5361,badl_information@nps.gov,,,-102.482942,43.685848,,"Auto and ATV,Biking,Camping,Horse Camping (see also Horse/Stock Use),Hiking,Horse Camping (see also camping),Horseback Riding,Wildlife Watching,Badlands National Park",FALSE,TRUE,3/19/20,['badlands']
2584,BIBE,128,Big Bend National Park,"There is a place in Far West Texas where night skies are dark as coal and rivers carve temple-like canyons in ancient limestone. Here, at the end of the road, hundreds of bird species take refuge in a solitary mountain range surrounded by weather-beaten desert. Tenacious cactus bloom in sublime southwestern sun, and diversity of species is the best in the country. This magical place is Big Bend...",,"Several highways lead to Big Bend National Park: TX 118 from Alpine to Study Butte or FM 170 from Presidio to Study Butte (then 26 miles east to park headquarters) or US 90 or US 385 to Marathon (then 70 miles south to park headquarters). 

Distances between towns and services are considerable. Be sure you have plenty of gas, oil, food, and water for your trip.",(432) 477-2251,bibe_info@nps.gov,,,-103.22979,29.298178,,"Auto and ATV,Biking,Camping,Hiking,Paddling,Wildlife Watching,Big Bend National Park",FALSE,TRUE,3/19/20,['big bend']
2588,BISC,128,Biscayne National Park,"Within sight of downtown Miami, yet worlds away, Biscayne protects a rare combination of aquamarine waters, emerald islands, and fish-bejeweled coral reefs. Here too is evidence of 10,000 years of human history, from pirates and shipwrecks to pineapple farmers and presidents. Outdoors enthusiasts can boat, snorkel, camp, watch wildlife…or simply relax in a rocking chair gazing out over the bay.",,The Dante Fascell Visitor Center may be reached from the Florida Turnpike by taking Exit 6 (Speedway Boulevard). Turn left from exit ramp and continue south to SW 328th Street (North Canal Drive). Turn left on 328th Street and continue for four miles to the end of the road. The park entrance is on the left just before the entrance to Homestead Bayfront Marina.,(305) 230-1144,bisc_information@nps.gov,,,-80.210239,25.490587,,"Boating,Camping,Fishing,Paddling,Biscayne National Park",FALSE,TRUE,3/19/20,['biscayne']
2592,BLCA,128,Black Canyon Of The Gunnison National Park,"Big enough to be overwhelming, still intimate enough to feel the pulse of time, Black Canyon of the Gunnison exposes you to some of the steepest cliffs, oldest rock, and craggiest spires in North America. With two million years to work, the Gunnison River, along with the forces of weathering, has sculpted this vertical wilderness of rock, water, and sky.",,7 miles north on CO Highway 347 from the intersection with U.S. Highway 50 east of Montrose,(970) 641-2337,cure_info@nps.gov,,,-107.724276,38.577799,,"Auto and ATV,Camping,Climbing,Fishing,Hiking,Horseback Riding,Paddling,Wildlife Watching,Black Canyon Of The Gunnison National Park",FALSE,TRUE,3/19/20,['black canyon of the gunnison']
2599,BRCA,128,Bryce Canyon National Park,"Hoodoos (irregular columns of rock) exist on every continent, but here is the largest concentration found anywhere on Earth. Situated along a high plateau at the top of the Grand Staircase, the park's high elevations include numerous life communities, fantastic dark skies, and geological wonders that defy description.",,"From the North:
Take I-15 south to UT-20 (exit 95). Travel east on UT-20 to US-89. Follow US-89 south to UT-12. Travel east on UT-12 to UT-63. Take UT-63 south to Bryce Canyon National Park.

From the South through Zion National Park:
Take I-15 north to UT-9 (exit 16). Follow UT-9 east through Zion National Park to US-89. Travel north on US-89 to UT-12. Go east on UT-12 to UT-63. Take UT-63 south to Bryce Canyon National Park.",(435) 834-5322,brca_information@nps.gov,,,-112.182669,37.583991,,"Camping,Hiking,Wildlife Watching,Bryce Canyon National Park",FALSE,TRUE,3/19/20,['bryce canyon']
2616,CANY,128,Canyonlands National Park,"Canyonlands invites you to explore a wilderness of countless canyons and fantastically formed buttes carved by the Colorado River and its tributaries. Rivers divide the park into four districts: Island in the Sky, The Needles, The Maze, and the rivers themselves. These areas share a primitive desert atmosphere, but each offers different opportunities for sightseeing and adventure.",,"Canyonlands National Park is cut into three districts by the Green and Colorado rivers. Island in the Sky district, in the north of the park, is the closest district to Moab, UT. In about 40 minutes, you can reach Island in the Sky via UT 313. The Needles district is in the southeast corner of Canyonlands. The Needles is about an hour's drive from Monticello, UT via UT 211. The Maze district, in the west of the park, is the most remote and challenging. You can reach The Maze via unpaved roads from UT 24.",(435) 719-2313,canyinfo@nps.gov,,,-109.880162,38.245558,,"Auto and ATV,Biking,Boating,Camping,Climbing,Hiking,Horseback Riding,Paddling,Canyonlands National Park",FALSE,TRUE,3/19/20,['canyonlands']
2617,CARE,128,Capitol Reef National Park,"Located in south-central Utah in the heart of red rock country, Capitol Reef National Park is a hidden treasure filled with cliffs, canyons, domes, and bridges in the Waterpocket Fold, a geologic monocline (a wrinkle on the earth) extending almost 100 miles.",,"From I-70: Take exit 149, then take UT-24 west toward Hanksville; continue for 43.8 miles (70.5 km). Turn right to continue on UT-24 west and continue for 37.3 miles (60 km). 

From I-15: take exit 188 then US-50 east toward Scipio. Left on UT-50; continuing 0.7 miles (1.1 km). Turn right onto US-50 east; continue for 24.4 miles (39.3 km). Turn right onto UT-260 south and continue 4.2 miles (6.8 km), then right on UT-24 for 71.3 miles. 

UT-12: North on highway 12 to Torrey, UT. Right onto UT-24.",(435) 425-3791,care_information@nps.gov,,,-111.247048,38.282165,,"Arts and Culture,Auto and ATV,Biking,Camping,Horse Camping (see also Horse/Stock Use),Climbing,Fishing,Picnicking,Hiking,Horse Camping (see also camping),Horseback Riding,Living History,Wildlife Watching,Capitol Reef National Park",FALSE,TRUE,3/19/20,['capitol reef']
2622,CAVE,128,Carlsbad Caverns National Park,"High ancient sea ledges, deep rocky canyons, flowering cactus, and desert wildlife—treasures above the ground in the Chihuahuan Desert. Hidden beneath the surface are more than 119 caves—formed when sulfuric acid dissolved limestone leaving behind caverns of all sizes.",,"To access the park's only entrance road, New Mexico Highway 7, turn north from US Hwy 62/180 at White's City, NM, which is 20 miles (32 km) southwest of Carlsbad, NM and 145 miles (233 km) northeast of El Paso, TX. The entrance road stretches a scenic seven miles (11.3 km) from the park gate at White's City to the visitor center and cavern entrance. The address for the park's visitor center is 727 Carlsbad Caverns Hwy, Carlsbad, NM, 88220, located 27 miles (43 km) from the town of Carlsbad.",(575) 785-2232,cave_park_information@nps.gov,,,-104.552969,32.140895,,"Camping,Horse Camping (see also Horse/Stock Use),Picnicking,Horse Camping (see also camping),Horseback Riding,Wildlife Watching,Carlsbad Caverns National Park",FALSE,TRUE,3/19/20,['carlsbad caverns']
2631,CHIS,128,Channel Islands National Park,"Channel Islands National Park encompasses five remarkable islands and their ocean environment, preserving and protecting a wealth of natural and cultural resources. Isolation over thousands of years has created unique animals, plants, and archeological resources found nowhere else on Earth and helped preserve a place where visitors can experience coastal southern California as it once was.",,"While the mainland visitor center in Ventura is readily accessible by car or public transportation, the islands are only accessible by park concessionaire boats and planes or private boat. Advanced planning is highly recommended.",(805) 658-5730,chis_information@nps.gov,,,-119.911273,33.986801,,"Boating,Camping,Fishing,Picnicking,Hiking,Paddling,SCUBA Diving,Snorkeling,Swimming,Wildlife Watching,Channel Islands National Park",FALSE,TRUE,3/19/20,['channel islands']
2644,CONG,128,Congaree National Park,"Astonishing biodiversity exists in Congaree National Park, the largest intact expanse of old growth bottomland hardwood forest remaining in the southeastern United States. Waters from the Congaree and Wateree Rivers sweep through the floodplain, carrying nutrients and sediments that nourish and rejuvenate this ecosystem and support the growth of national and state champion trees.",,"From Interstate 77, Exit 5
At Exit 5 turn onto SC Hwy 48 East/Bluff Road. Following the brown and white ""Congaree National Park"" directional signs, travel approximately 8 miles on and then take a slight right onto Old Bluff Road. Follow Old Bluff Road for 4.5 miles to the park entrance sign, which will be on the right. Proceed one mile to the Harry Hampton Visitor Center. Parking lots will be on the right.",(803) 776-4396,cong_information@nps.gov,,,-80.748678,33.791875,,"Arts and Culture,Camping,Fishing,Picnicking,Hiking,Living History,Paddling,Wildlife Watching,Congaree National Park",FALSE,TRUE,3/19/20,['congaree']
2647,CRLA,128,Crater Lake National Park,"Crater Lake inspires awe. Native Americans witnessed its formation 7,700 years ago, when a violent eruption triggered the collapse of a tall peak. Scientists marvel at its purity: fed by rain and snow, it’s the deepest lake in the USA and one of the most pristine on earth. Artists, photographers, and sightseers gaze in wonder at its blue water and stunning setting atop the Cascade Mountain Range.",,"Much of the year, the park's North Entrance is closed to cars. The North Entrance Road closes for the season on November 1 (or earlier if there is significant snowfall) and tends to open in early June.  The park’s South Entrance is open year round. Winter travelers from Roseburg will need to take Route 138 east to Route 230 south to Route 62 east to the park's west entrance. Winter travels from Bend will take Route 97 south to Route 62 north and west to the park's south entrance.",(541) 594-3000,crla_information_requests@nps.gov,,,-122.133841,42.940659,,"Auto and ATV,Biking,Boating,Camping,Climbing,Fishing,Picnicking,Hiking,Paddling,Swimming,Water Skiing,Wildlife Watching,Crater Lake National Park",FALSE,TRUE,3/19/20,['crater lake']
2652,CUVA,128,Cuyahoga Valley National Park,"Though a short distance from the urban areas of Cleveland and Akron, Cuyahoga Valley National Park seems worlds away. The park is a refuge for native plants and wildlife, and provides routes of discovery for visitors. The winding Cuyahoga River gives way to deep forests, rolling hills, and open farmlands. Walk or ride the Towpath Trail to follow the historic route of the Ohio & Erie Canal.",,"Plane
Cleveland Hopkins International Airport and Akron-Canton Regional Airport offer many daily flights to the area. Car rentals are available at both airports.

Bus & Train
Bus stations are located in downtown Cleveland and Akron. The Amtrak station is in downtown Cleveland.

Car
The park is easily accessible by car from all directions. A good place to start your visit is at Boston Mill Visitor Center located at 6947 Riverview Road, Peninsula, Ohio 44264. (41° 15'45.3"" N) (81° 33'37.3"" W).",(440) 717-3890,cuva_info@nps.gov,,,-81.571167,41.260939,,"Arts and Culture,Biking,Camping,Fishing,Picnicking,Hiking,Horseback Riding,Living History,Paddling,Wildlife Watching,Cuyahoga Valley National Park",FALSE,TRUE,3/19/20,['cuyahoga valley']
2658,DENA,128,Denali National Park & Preserve,"Denali is six million acres of wild land, bisected by one ribbon of road. Travelers along it see the relatively low-elevation taiga forest give way to high alpine tundra and snowy mountains, culminating in North America's tallest peak, 20,310' Denali. Wild animals large and small roam unfenced lands, living as they have for ages. Solitude, tranquility and wilderness await.",,"You can drive to Denali from Anchorage or Fairbanks, along Highway 3, which is known as the ""George Parks Highway."" Fairbanks is about 2 hours north, while Anchorage is 5 hours south of the Denali entrance. 

You can also reach Denali from either city via the Alaska Railroad, which is operated by the State of Alaska. A small private airstrip is also available near the park entrance for individuals wishing to fly their own small craft to the park.",(907) 683-9532,denali_info@nps.gov,,,-151.052657,63.297775,,"Arts and Culture,Auto and ATV,Biking,Camping,Climbing,Hiking,Hunting,Wildlife Watching,Denali National Park & Preserve",FALSE,TRUE,3/19/20,['denali']
2662,DEVA,128,Death Valley National Park,"In this below-sea-level basin, steady drought and record summer heat make Death Valley a land of extremes. Yet, each extreme has a striking contrast. Towering peaks are frosted with winter snow. Rare rainstorms bring vast fields of wildflowers. Lush oases harbor tiny fish and refuge for wildlife and humans. Despite its morbid name, a great diversity of life survives in Death Valley.",,"The main road transecting Death Valley National Park from east to west is California Highway 190.
On the east in Nevada, U.S. Route 95 parallels the park from north to south with connecting highways at Scotty's Junction (State Route 267), Beatty (State Route 374), and Lathrop Wells (State Route 373).",(760) 786-3200,deva_information@nps.gov,,,-117.134395,36.487537,,"Auto and ATV,Biking,Camping,Hiking,Living History,Wildlife Watching,Death Valley National Park",FALSE,TRUE,3/19/20,['death valley']
2665,DRTO,128,Dry Tortugas National Park,"Almost 70 miles (113 km) west of Key West lies the remote Dry Tortugas National Park. This 100-square mile park is mostly open water with seven small islands.  Accessible only by boat or seaplane, the park is known the world over as the home of magnificent Fort Jefferson, picturesque blue waters, superlative coral reefs and marine life, and the vast assortment of bird life that frequents the area.",,"Dry Tortugas National Park is one of the most remote parks in the National Park System. Located approximately 70 miles west of Key West it is accessible only by a daily concession ferry, private boats, charter boats, or seaplane.",(305) 242-7700,drto_information@nps.gov,,,-82.87319,24.628741,,"Boating,Camping,Fishing,Paddling,SCUBA Diving,Snorkeling,Swimming,Wildlife Watching,Dry Tortugas National Park",FALSE,TRUE,3/19/20,['dry tortugas']
2677,EVER,128,Everglades National Park,"Everglades National Park protects an unparalleled landscape that provides important habitat for numerous rare and endangered species like the manatee,  American crocodile, and the elusive Florida panther.

An international treasure as well -  a World Heritage Site, International Biosphere Reserve, a Wetland of International Importance, and a specially protected area under the Cartagena Treaty.",,"Directions to Ernest Coe Visitor Center
40001 State Road 9336, Homestead, FL 33034

Visitors coming from the Miami area and points north should take the Florida Turnpike (Route 821) south until it ends merging with U.S. 1 at Florida City. Turn right at the first traffic light onto Palm Drive (State Road 9336/SW 344th St.) and follow the signs to the park.

Visitors driving north from the Florida Keys should turn left on Palm Drive in Florida City and follow the signs to the park.",(305) 242-7700,ever_information@nps.gov,,,-80.882003,25.372942,,"Biking,Boating,Camping,Fishing,Picnicking,Hiking,Paddling,Wildlife Watching,Everglades National Park",FALSE,TRUE,3/19/20,['everglades']
2716,GAAR,128,Gates Of The Arctic National Park & Preserve,"This vast landscape does not contain any roads or trails. Visitors discover intact ecosystems where people have lived with the land for thousands of years. Wild rivers meander through glacier-carved valleys, caribou migrate along age-old trails, endless summer light fades into aurora-lit night skies of winter. It remains virtually unchanged except by the forces of nature.",,"Gates of the Arctic is a wilderness park, with no roads or trails into the park lands, so visitors must fly or hike into the park. Access begins in Fairbanks, Alaska & there are several small airlines that provide daily flights into the communities of Bettles and Anaktuvuk Pass, and Coldfoot. Most visitors access the park by air taxi or hike in from the Dalton Highway or from the village of Anaktuvuk Pass. River crossings are necessary from both locations.",907459-3730,fair_interpretation@nps.gov,,,-153.291776,67.759616,,"Camping,Climbing,Hiking,Hunting,Paddling,Gates Of The Arctic National Park & Preserve",FALSE,TRUE,3/19/20,['gates of the arctic']
2725,GLAC,128,Glacier National Park,"Come and experience Glacier's pristine forests, alpine meadows, rugged mountains, and spectacular lakes. With over 700 miles of trails, Glacier is a hiker's paradise for adventurous visitors seeking wilderness and solitude. Relive the days of old through historic chalets, lodges, and the famous Going-to-the-Sun Road. Explore Glacier National Park and discover what awaits you.",,"Glacier National Park is located in the northwest corner of Montana along the spine of the Rocky Mountains.
By Car you can access Glacier via Highway 2, which runs along the southern boundary of the park. You can reach the east side of the park via Highway 89.

The nearest airports are in Kalispell and Great Falls, Montana",(406) 888-7800,glac_questions@nps.gov,,,-113.800931,48.684147,,"Arts and Culture,Auto and ATV,Biking,Boating,Camping,Horse Camping (see also Horse/Stock Use),Climbing,Fishing,Hiking,Horse Camping (see also camping),Horseback Riding,Paddling,Swimming,Glacier National Park",FALSE,TRUE,3/19/20,['glacier']
2726,GLBA,128,Glacier Bay National Park & Preserve,"Covering 3.3 million acres of rugged mountains, dynamic glaciers, temperate rainforest, wild coastlines and deep sheltered fjords, Glacier Bay National Park is a highlight of Alaska's Inside Passage and part of a 25-million acre World Heritage Site—one of the world’s largest international protected areas. From sea to summit, Glacier Bay offers limitless opportunities for adventure and inspiration.",,"Glacier Bay National Park and Preserve lies west of Juneau, Alaska, and can only be reached by plane or boat. The only road in the area merely connects the small town of Gustavus and its airfield to park headquarters at Bartlett Cove (10 miles). Alaska Airlines provides daily jet service from Juneau to Gustavus  in the summer months. Year-round scheduled air service is also provided by a variety of small air taxis and charters. The Alaska Marine Highway ferries also provide regular service from Juneau.",(907) 697-2230,glba_administration@nps.gov,,,-136.840758,58.800867,,"Arts and Culture,Auto and ATV,Boating,Camping,Climbing,Fishing,Hiking,Hunting,Paddling,Wildlife Watching,Glacier Bay National Park & Preserve",FALSE,TRUE,3/19/20,"['glacier bay', 'glacier']"
2732,GRBA,128,Great Basin National Park,"From the 13,063-foot summit of Wheeler Peak, to the sage-covered foothills, Great Basin National Park is a place to sample the stunning diversity of the larger Great Basin region. Come and partake of the solitude of the wilderness, walk among ancient bristlecone pines, bask in the darkest of night skies, and explore mysterious subterranean passages. There's a whole lot more than just desert here!",,"From the East or West: From U.S. Highway 6 & 50, turn south on Nevada State Highway 487 and travel 5 miles to Baker, NV. In Baker turn west on Highway 488 and travel 5 miles to the park. From the South (Utah): Travel north on Utah State Highway 21 through Milford, UT and Garrison, UT, Highway 487. Turn west on Highway 488 in Baker and travel 5 miles to the park. From the South (Nevada): Travel north on U.S. Highway 93. No public transportation is available to, or in, Great Basin National Park.",(775) 234-7331,grba_interpretation@nps.gov,,,-114.257978,38.946174,,"Auto and ATV,Camping,Horse Camping (see also Horse/Stock Use),Fishing,Hiking,Horse Camping (see also camping),Horseback Riding,Wildlife Watching,Great Basin National Park",FALSE,TRUE,3/19/20,['great basin']
2733,GRCA,128,Grand Canyon National Park,"Unique combinations of geologic color and erosional forms decorate a canyon that is 277 river miles (446km) long, up to 18 miles (29km) wide, and a mile (1.6km) deep. Grand Canyon overwhelms our senses through its immense size.

The South Rim is open all year. 

The North Rim is Closed for the Winter. It will reopen on May 15, 2020, for the 2020 season.",,"South Rim: Open all year, is located 60 miles north of Williams, Arizona (via route 64 from Interstate 40) and 80 miles northwest of Flagstaff (via route 180). Grand Canyon lies entirely within the state of Arizona.

North Rim: Now closed for the winter - opens May 15, 2020, for the season. North Rim is located 30 miles south of Jacob Lake on Highway 67; the actual rim of the canyon is an additional 14 miles south. Jacob Lake, AZ is located in northern Arizona on Highway 89A, not far from the Utah border.",(928) 638-7888,grca_information@nps.gov,,,-112.683602,36.172802,,"Arts and Culture,Auto and ATV,Biking,Boating,Camping,Horse Camping (see also Horse/Stock Use),Fishing,Hiking,Living History,Paddling,Wildlife Watching,Grand Canyon National Park",FALSE,TRUE,3/19/20,['grand canyon']
2738,GRSA,128,Great Sand Dunes National Park & Preserve,"Open all day and night year round, the tallest dunes in North America are the centerpiece in a diverse landscape of grasslands, wetlands, conifer and aspen forests, alpine lakes, and tundra. Experience a starry sky on moonless nights, or a surreal walk on the dunes under bright full moonlight.",,"To access the main park area, including the Dunes Parking Lot, Visitor Center, and Pinyon Flats Campground, take US 160 to CO 150 from the south, or CO 17 to Lane 6 to CO 150 from the west. The national park is at the north end of CO 150.",(719) 378-6395,grsa_interpretation@nps.gov,,,-105.591957,37.792568,,"Arts and Culture,Auto and ATV,Biking,Camping,Horse Camping (see also Horse/Stock Use),Climbing,Fishing,Picnicking,Hiking,Horse Camping (see also camping),Horseback Riding,Hunting,Swimming,Water Skiing,Wildlife Watching,Great Sand Dunes National Park & Preserve",FALSE,TRUE,3/19/20,['great sand dunes']
2739,GRSM,128,Great Smoky Mountains National Park,"Ridge upon ridge of forest straddles the border between North Carolina and Tennessee in Great Smoky Mountains National Park. World renowned for its diversity of plant and animal life, the beauty of its ancient mountains, and the quality of its remnants of Southern Appalachian mountain culture, this is America's most visited national park.",,"Great Smoky Mountains National Park straddles the borders of the states of Tennessee and North Carolina. The three main entrances to the park are in the Gatlinburg, TN; Townsend, TN; and Cherokee, NC.",(865) 436-1200,GRSM_Smokies_Information@nps.gov,,,-83.508183,35.601164,,"Arts and Culture,Auto and ATV,Biking,Camping,Horse Camping (see also Horse/Stock Use),Fishing,Picnicking,Hiking,Horse Camping (see also camping),Horseback Riding,Wildlife Watching,Great Smoky Mountains National Park",FALSE,TRUE,3/19/20,['great smoky mountains']
2744,GUMO,128,Guadalupe Mountains National Park,"Guadalupe Mountains National Park protects the world's most extensive Permian fossil reef, the four highest peaks in Texas, an environmentally diverse collection of flora and fauna, and the stories of lives shaped through conflict, cooperation and survival. Come experience mountains and canyons, desert and dunes, night skies and spectacular vistas within a place unlike any other within the NPS.",,"Guadalupe Mountains National Park is located on the north side of US Hwy 62/180. 
If you are traveling east from El Paso, TX, we are 110 miles East of the city. Follow US Hwy 62/180 North to the Pine Springs Visitor Center. 
If you are traveling from Van Horn, TX, you will travel north on US 54 and make a left hand turn at the junction of US 62/180 to arrive at the park.
If you are traveling west from Carlsbad, NM, you will travel on US Hwy 62/180 South and cross into Texas. Follow signs to the park.",(915) 828-3251,gumo_administration@nps.gov,,,-104.885527,31.923045,,"Auto and ATV,Camping,Horse Camping (see also Horse/Stock Use),Hiking,Horse Camping (see also camping),Horseback Riding,Wildlife Watching,Guadalupe Mountains National Park",FALSE,TRUE,3/19/20,['guadalupe mountains']
2751,HALE,128,Haleakal&#257; National Park,"This special place vibrates with stories of ancient and modern Hawaiian culture and protects the bond between the land and its people. The park also cares for endangered species, some of which exist nowhere else. Come visit this special place - renew your spirit amid stark volcanic landscapes and sub-tropical rain forest with an unforgettable hike through the backcountry.",,"Located on the island of Maui, Haleakalā National Park extends from the 10,023 foot (3055m) summit of Haleakalā down the southeast flank of the mountain to the Kīpahulu coast near Hana. These two sections of the park are not directly connected by road, but both can be reached from Kahului.
There are no gas stations within the park. The last place to get gas in route to the Summit Area is in the town of Pukalani, and along the Hana Highway before Hana is in the town of is in the town of Paia.",(808) 572-4400,hale_interpretation@nps.gov,,,-156.159177,20.70693,,"Camping,Hiking,Swimming,Haleakal&#257; National Park",FALSE,TRUE,3/19/20,[]
2753,HAVO,128,Hawai'i Volcanoes National Park,"Hawai‘i Volcanoes National Park protects some of the most unique geological, biological, and cultural landscapes in the world. Extending from sea level to the summit of Mauna Loa at 13,677 feet, the park encompasses the summits of two of the world's most active volcanoes - Kilauea and Mauna Loa",,"Hawai‘i Volcanoes National Park is located on the island of Hawai‘i. From Hilo: 30 miles southwest on Highway 11 (a 45 minute drive); from Kailua-Kona: 96 miles southeast on Highway 11 (2 to 2 1/2 hour drive), or 125 miles through Waimea and Hilo via highways 19 and 11 (2 1/2 to 3 hours).",(808) 985-6101,havo_information@nps.gov,,,-155.470026,19.335504,,"Arts and Culture,Biking,Camping,Hiking,Living History,Wildlife Watching,Hawai'i Volcanoes National Park",FALSE,TRUE,3/19/20,[]
2760,HOSP,128,Hot Springs National Park,"Water. That's what first attracted people, and they have been coming here ever since to use these soothing thermal waters to heal and relax. Rich and poor alike came for the baths, and a thriving city built up around the hot springs. Together nicknamed ""The American Spa,"" Hot Springs National Park today surrounds the north end of the city of Hot Springs, Arkansas. Come discover it for yourself.",,"Hot Springs National Park is a 5,500 acre park in the city of Hot Springs.  Bathhouse Row, a quarter mile long collection of eight bathhouses along the east side of Central Avenue, is the most visited area within the national park. The Fordyce Bathhouse operates as a visitor center and a museum.",(501) 620-6715,hosp_park_interpretation@nps.gov,,,-93.063329,34.524144,,"Camping,Hiking,Hot Springs National Park",FALSE,TRUE,3/19/20,['hot springs']
2767,INDU,128,Indiana Dunes National Park,"Indiana Dunes National Park hugs 15 miles of the southern shore of Lake Michigan and has much to offer. Whether you enjoy scouting for rare species of birds or flying kites on the sandy beach, the national park's 15,000 acres will continually enchant you.  Hikers will enjoy 50 miles of trails over rugged dunes, mysterious wetlands, sunny prairies, meandering rivers and peaceful forests.",,"Visitors can access the national park via Interstate 94, the Indiana Toll Road (Interstate 80/90), U.S. Highway 12, U.S. Highway 20, Indiana State Road 49, and various other local roads. The Indiana Dunes Visitor Center is located on Indiana State Road 49, between U.S. Highway 20 and Interstate 94 (1215 North State Road 49, Porter, IN 46304). For a driving map to the Indiana Dunes Visitor Center or other locations, check out our maps page.",(219) 395-1882,indu_communications@nps.gov,,,-87.096474,41.637655,,"Arts and Culture,Auto and ATV,Biking,Boating,Camping,Fishing,Picnicking,Hiking,Paddling,Swimming,Wildlife Watching,Indiana Dunes National Park",FALSE,TRUE,3/19/20,['indiana dunes']
2769,ISRO,128,Isle Royale National Park,"Explore a rugged, isolated island, far from the sights and sounds of civilization. Surrounded by Lake Superior, Isle Royale offers unparalleled solitude and adventures for backpackers, hikers, boaters, kayakers, canoeists and scuba divers. Here, amid stunning scenic beauty, you'll find opportunities for reflection and discovery, and make memories that last a lifetime.",,"Isle Royale National Park headquarters is located in Houghton, MI.  Visit the Houghton page on the Isle Royale National Park website for additional information and a map on how to access the visitor center.",(906) 482-0984,isro_parkinfo@nps.gov,,,-88.827807,48.011458,,"Arts and Culture,Boating,Camping,Fishing,Hiking,Paddling,SCUBA Diving,Wildlife Watching,Isle Royale National Park",FALSE,TRUE,3/19/20,['isle royale']
2782,JOTR,128,Joshua Tree National Park,"Two distinct desert ecosystems, the Mojave and the Colorado, come together in Joshua Tree National Park. A fascinating variety of plants and animals make their homes in a land sculpted by strong winds and occasional torrents of rain. Dark night skies, a rich cultural history, and surreal geologic features add to the wonder of this vast wilderness in southern California. Come explore for yourself.",,"From I-10, take exit 117 for CA Hwy 62 toward 29 Palms/Yucca Valley. This will allow you to access the West Entrance, the North Entrance, Black Rock, and Indian Cove.

Take exit 168 off I-10 to come in at the park's South Entrance.",(760) 367-5500,jotr_info@nps.gov,,,-115.839812,33.914185,,"Auto and ATV,Biking,Camping,Horse Camping (see also Horse/Stock Use),Climbing,Picnicking,Hiking,Horse Camping (see also camping),Horseback Riding,Wildlife Watching,Joshua Tree National Park",FALSE,TRUE,3/19/20,['joshua tree']
2786,KATM,128,Katmai National Park & Preserve,"A landscape is alive underneath our feet, filled with creatures that remind us what it is to be wild.

Katmai was established in 1918 to protect the volcanically devastated region surrounding Novarupta and the Valley of Ten Thousand Smokes. Today, Katmai National Park and Preserve also protects 9,000 years of human history and important habitat for salmon and thousands of brown bears.",,"Katmai National Park & Preserve is located on the northern Alaska Peninsula, northwest of Kodiak Island and southwest of Homer, Alaska. The park’s headquarters is in King Salmon, about 290 air miles southwest of Anchorage. Unlike most national parks in the United States, Katmai is almost exclusively accessed by plane or boat.",(907) 246-3305,KATM_Visitor_Information@nps.gov,,,-155.012657,58.622357,,"Boating,Camping,Fishing,Hiking,Paddling,Wildlife Watching,Katmai National Park & Preserve",FALSE,TRUE,3/19/20,['katmai']
2787,KEFJ,128,Kenai Fjords National Park,"At the edge of the Kenai Peninsula lies a land where the ice age lingers. Nearly 40 glaciers flow from the Harding Icefield, Kenai Fjords' crowning feature. Wildlife thrives in icy waters and lush forests around this vast expanse of ice. Sugpiaq people relied on these resources to nurture a life entwined with the sea. Today, shrinking glaciers bear witness to the effects of our changing climate.",,"Kenai Fjords National Park is located just outside the town of Seward in south-central Alaska, 126 miles south of Anchorage. Even though the park is often inaccessible during the winter months, Seward is accessible year-round via the Seward Highway, a National Scenic Byway.

Follow the Seward Highway (AK-1) south from Anchorage. It will become AK-9 around mile 35 (87 miles from Anchorage) with AK-1 heading to Homer and Kenai. Continue on AK-9 to Seward.",(907) 422-0500,kefjinformation@nps.gov,,,-150.106502,59.818044,,"Boating,Camping,Climbing,Fishing,Hiking,Paddling,Wildlife Watching,Kenai Fjords National Park",FALSE,TRUE,3/19/20,['kenai fjords']
2795,KOVA,128,Kobuk Valley National Park,"Caribou, sand dunes, the Kobuk River, Onion Portage - just some of the facets of Kobuk Valley National Park. Half a million caribou migrate through, their tracks crisscrossing sculpted dunes. The Kobuk River is an ancient and current path for people and wildlife. For 9000 years, people came to Onion Portage to harvest caribou as they swam the river. Even today, that rich tradition continues.",,"Kobuk Valley National Park is very remote. There are no roads to provide access, so planes take care of most transportation needs.  Commercial airlines provide service from Anchorage to Kotzebue, or from Fairbanks to Bettles. Once in Kotzebue or Bettles, you must fly to the park with authorized air taxis.",(907) 442-3890,wear_webmail@nps.gov,,,-159.200229,67.356313,,"Boating,Camping,Fishing,Hiking,Paddling,Wildlife Watching,Kobuk Valley National Park",FALSE,TRUE,3/19/20,['kobuk valley']
2799,LACL,128,Lake Clark National Park & Preserve,"Lake Clark National Park and Preserve is a land of stunning beauty. Volcanoes steam, salmon run, bears forage, and craggy mountains reflect in shimmering turquoise lakes. Here, too, local people and culture still depend on the land and water. Venture into the park to become part of the wilderness.",,"Lake Clark is located on the Alaska Peninsula southwest of Anchorage and north of Katmai National Park. It is not on the road system; therefore, in order to get here you must travel either via plane or by boat. A one to two-hour flight from Anchorage, Kenai, or Homer will provide access to most points within Lake Clark. Fixed-wing aircraft are allowed to land on all suitable lakes, rivers, beaches, gravel bars, and open ground in both the park and preserve unless the area is closed or otherwise restricted.",(907) 644-3626,lacl_visitor_information@nps.gov,,,-153.55535,60.574059,,"Biking,Boating,Camping,Climbing,Fishing,Hiking,Hunting,Paddling,Wildlife Watching,Lake Clark National Park & Preserve",FALSE,TRUE,3/19/20,['lake clark']
2803,LAVO,128,Lassen Volcanic National Park,"Lassen Volcanic National Park is home to steaming fumaroles, meadows freckled with wildflowers, clear mountain lakes, and numerous volcanoes. Jagged peaks tell the story of its eruptive past while hot water continues to shape the land. Lassen Volcanic offers opportunities to discover the wonder and mysteries of volcanoes and hot water for visitors willing to explore the undiscovered.",,"From Interstate 5 (Redding), take Hwy 44 - 48 miles east to the junction of Hwy 89. Follow Hwy 89 south 1 mile to the north entrance of the park. From Interstate 5 (Red Bluff) take Hwy 36 E - 51 miles east to the junction of Hwy 89. Follow Hwy 89 north 6 miles to south entrance of the park.",(530) 595-4480,lavo_information@nps.gov,,,-121.407599,40.493546,,"Auto and ATV,Boating,Camping,Horse Camping (see also Horse/Stock Use),Fishing,Hiking,Horseback Riding,Paddling,Swimming,Wildlife Watching,Lassen Volcanic National Park",FALSE,TRUE,3/19/20,['lassen volcanic']
2818,MACA,128,Mammoth Cave National Park,"Mammoth Cave National Park preserves not only the longest known cave system on earth (400+ miles), but also 53,000 acres of beautiful forest.  With nearly a dozen miles of cave trail below ground, there are also nearly 70 miles of surface trail, 13 backcountry campsites, three campgrounds, and over 20 miles of navigable river for visitors to explore and enjoy. It really is two worlds in one.",,"DO NOT FOLLOW YOUR GPS!

From the North: Take Interstate 65 to Exit 53 (Cave City Exit). Turn right onto KY-70. Follow 70/255 as it becomes the Mammoth Cave Parkway in the park. Follow the Mammoth Cave Parkway to the Visitor Center.

From the South: Take Interstate 65 to Exit 48 (Park City Exit). Turn left onto KY-255 and follow 255 as it becomes the Park City Road into the park. Follow Park City Road until it joins the Mammoth Cave Parkway; turn left. Follow the Mammoth Cave Parkway to the Visitor Center.",(270) 758-2180,maca_information@nps.gov,,,-86.130902,37.197605,,"Biking,Camping,Horse Camping (see also Horse/Stock Use),Fishing,Hiking,Horse Camping (see also camping),Horseback Riding,Paddling,Swimming,Mammoth Cave National Park",FALSE,TRUE,3/19/20,['mammoth cave']
2824,MEVE,128,Mesa Verde National Park,"Mesa Verde National Park was established in 1906 to preserve and interpret the archeological heritage of the Ancestral Pueblo people who made it their home for over 700 years, from 600 to 1300 CE. Today, the park protects nearly 5,000 known archeological sites, including 600 cliff dwellings. These sites are some of the most notable and best preserved in the United States.",,"Mesa Verde National Park is in Southwestern Colorado. The park entrance is along Highway 160, between the towns of of Cortez and Mancos, Colorado. (10 miles east of Cortez; 9 miles west of Mancos; and about 35 miles west of Durango, Colorado.)

Once you enter the park, the first view of a cliff dwelling is 21 miles (approximately 45 minutes) along a steep, narrow, and winding road.",(970) 529-4465,meve_general_information@nps.gov,,,-108.462403,37.239083,,"Camping,Hiking,Wildlife Watching,Mesa Verde National Park",FALSE,TRUE,3/19/20,['mesa verde']
2835,MORA,128,Mount Rainier National Park,"Ascending to 14,410 feet above sea level, Mount Rainier stands as an icon in the Washington landscape. An active volcano, Mount Rainier is the most glaciated peak in the contiguous U.S.A., spawning five major rivers. Subalpine wildflower meadows ring the icy volcano while ancient forest cloaks Mount Rainier’s lower slopes. Wildlife abounds in the park’s ecosystems. A lifetime of discovery awaits.",,"Mount Rainier National Park is located in west-central Washington state. Several major cities in Washington- Seattle, Tacoma, and Yakima- and Portland, Oregon, are within 200 miles of the park. For GPS to Nisqually Entrance use: 39000 State Route 706 E, Ashford, WA 98304.",(360) 569-2211,morainfo@nps.gov,,,-121.704388,46.860754,,"Auto and ATV,Biking,Camping,Climbing,Fishing,Hiking,Living History,Wildlife Watching,Mount Rainier National Park",FALSE,TRUE,3/19/20,['mount rainier']
2845,NOCA,128,North Cascades National Park,"Less than three hours from Seattle, an alpine landscape beckons. Discover communities of life adapted to moisture in the west and recurring fire in the east. Explore jagged peaks crowned by more than 300 glaciers. Listen to cascading waters in forested valleys. Witness a landscape sensitive to the Earth's changing climate. Help steward the ecological heart of the Cascades.",,"Access to North Cascades National Park and Ross Lake National Recreation Area is from the State Route 20 corridor. SR 20 (North Cascades Highway) connects with Interstate 5 (Exit 230) at Burlington. From the east, the highway intersects with US 97 at Okanogan and with SR 153 at Twisp. The State Department of Transportation closes a portion of the road between Ross Dam Trailhead and Lone Fir Campground in winter. The Lake Chelan National Recreation Area (Stehekin) is accessible by ferry or plane from Chelan.",(360) 854-7200,noca_interpretation@nps.gov,,,-121.206942,48.711718,,"Auto and ATV,Biking,Boating,Camping,Horse Camping (see also Horse/Stock Use),Climbing,Fishing,Hiking,Horseback Riding,Paddling,North Cascades National Park",FALSE,TRUE,3/19/20,['north cascades']
2847,NPSA,128,National Park of American Samoa,"The National Park of American Samoa welcomes you into the heart of the South Pacific, to a world of sights, sounds, and experiences that you will find in no other national park in the United States. 

Enjoy this unique national park and the welcoming people of American Samoa. We are here to protect its rich culture and natural resources. Come explore them with us!",,"The visitor center is located in the village of Pago Pago, across from the Pago Way Service Station. The national park is located in the villages of Vatia, Pago Pago, Fagasa, Afono (on Tutuila Island), Fitiuta, Faleasao (on Ta'u Island), and Ofu Island",(684) 633-7082,npsa_info@nps.gov,,,-169.850378,-14.228659,,"Arts and Culture,Hiking,Living History,SCUBA Diving,Snorkeling,Swimming,Wildlife Watching,National Park of American Samoa",FALSE,TRUE,3/19/20,['american samoa']
2856,PEFO,128,Petrified Forest National Park,"Did you know that Petrified Forest is more spectacular than ever? While the park has all the wonders known for a century, there are many new adventures and discoveries to share. There are backcountry hikes into areas never open before such as Red Basin and little known areas like the Martha's Butte. There are new exhibits that bring the stories to life. Come rediscover Petrified Forest!",,"Usually you can drive through the park to connect I-40 with Hwy 180. There is a Federal Highways Administration Road and Bridge Rehabilitation Project right now that creates a closure at the middle of the park road. Estimated Project Time: January 2nd through May 9th, 2020. For more information on this project and subsequent road closures please visit  <a href=""https://www.nps.gov/pefo/planyourvisit/road-closures.htm"">https://www.nps.gov/pefo/planyourvisit/road-closures.htm</a>",(928) 524-6228,PEFO_Superintendent@nps.gov,,,-109.787768,34.983877,,"Arts and Culture,Auto and ATV,Biking,Camping,Horse Camping (see also Horse/Stock Use),Picnicking,Hiking,Horse Camping (see also camping),Horseback Riding,Wildlife Watching,Petrified Forest National Park",FALSE,TRUE,3/19/20,['petrified forest']
2881,OLYM,128,Olympic National Park,"With its incredible range of precipitation and elevation, diversity is the hallmark of Olympic National Park. Encompassing nearly a million acres, the park protects a vast wilderness, thousands of years of human history, and several distinctly different ecosystems, including glacier-capped mountains, old-growth temperate rain forests, and over 70 miles of wild coastline. Come explore!",,"You can reach Olympic National Park via the I-5 corridor or by any one of the quieter state roadways. Once you arrive on the Olympic Peninsula connect to Hwy 101 to reach any destinations in and around Olympic National Park.
From Olympia: take I-5 to Hwy 101
From Tacoma: take State Route 16 to Bremerton; take State Route 3 north from Bremerton to State Route 104.
From Washington/Oregon Coast connect to Hwy 101 in Aberdeen.",(360) 565-3130,olym_visitor_center@nps.gov,,,-123.666385,47.803928,,"Boating,Camping,Horse Camping (see also Horse/Stock Use),Climbing,Fishing,Picnicking,Hiking,Horse Camping (see also camping),Paddling,Swimming,Wildlife Watching,Olympic National Park",FALSE,TRUE,3/19/20,['olympic']
2893,PINN,128,Pinnacles National Park,"Some 23 million years ago multiple volcanoes erupted, flowed, and slid to form what would become Pinnacles National Park. What remains is a unique landscape. Travelers journey through chaparral, oak woodlands, and canyon bottoms. Hikers enter rare talus caves and emerge to towering rock spires teeming with life: prairie and peregrine falcons, golden eagles, and the inspiring California condor.",,"Pinnacles National Park is accessible through highway 101 for the West entrance, and highway 25 for the East entrance. From highway 101 you must pass through the City of Soledad to find highway 146 which will lead to West side of Pinnacles. To enter East Pinnacles you must find highway 25 through the City of Hollister coming from the North, and King City through Bitter Water Road (G-13) when coming from the South.",(831) 389-4486,pinn_visitor_information@nps.gov,,,-121.181361,36.490292,,"Camping,Climbing,Picnicking,Hiking,Wildlife Watching,Pinnacles National Park",FALSE,TRUE,3/19/20,['pinnacles']
2907,ROMO,128,Rocky Mountain National Park,"Rocky Mountain National Park’s 415 square miles encompass and protect spectacular mountain environments. Enjoy Trail Ridge Road – which crests at over 12,000 feet including many overlooks to experience the subalpine and alpine worlds – along with over 300 miles of hiking trails, wildflowers, wildlife, starry nights, and fun times. In a world of superlatives, Rocky is on top!",,"Driving from the east: from I-25, take US Hwy 34 or 36. Driving from the west: from I-70, take US Hwy 40 to Granby to US Hwy 34 to Grand Lake. From mid-October until late May, Trail Ridge Road between Estes Park and Grand Lake is closed to vehicles, so driving between the two takes ~4 hours. The closest airport is Denver International (DIA). There is no public transportation between nearby cities and the park.",(970) 586-1206,romo_information@nps.gov,,,-105.697288,40.355692,,"Arts and Culture,Auto and ATV,Biking,Camping,Climbing,Fishing,Picnicking,Hiking,Horseback Riding,Snow Tubing,Wildlife Watching,Rocky Mountain National Park",FALSE,TRUE,3/19/20,['rocky mountain']
2917,SAGU,128,Saguaro National Park,"Tucson, Arizona is home to the nation's largest cacti. The giant saguaro is the universal symbol of the American west. These majestic plants, found only in a small portion of the United States, are protected by Saguaro National Park, to the east and west of the modern city of Tucson. Here you have a chance to see these enormous cacti, silhouetted by the beauty of a magnificent desert sunset.",,"Saguaro National Park has two districts separated by the city of Tucson.  We do not recommend using mobile mapping applications to search for either district.  Instead, please click the link to the directions page, determine which district you plan to visit, and enter that physical address into the mobile application.",(520) 733-5153,sagu_information@nps.gov,,,-110.757497,32.209096,,"Arts and Culture,Auto and ATV,Biking,Camping,Hiking,Saguaro National Park",FALSE,TRUE,3/19/20,['saguaro']
2931,SEKI,128,Sequoia & Kings Canyon National Parks,"This dramatic landscape testifies to nature's size, beauty, and diversity—huge mountains, rugged foothills, deep canyons, vast caverns, and the world's largest trees. The parks lie side by side in the southern Sierra Nevada east of the San Joaquin Valley. Weather varies a lot by season and elevation, which ranges from 1,370' to 14,494'.",,"Two highways enter the parks. Hwy 180 from Fresno leads east to Kings Canyon National Park, then continues 30 miles east to Cedar Grove. Hwy 198 from Visalia leads east to Sequoia National Park via Three Rivers. Inside the parks, Highway 198 becomes the Generals Highway, which connects 198 to 180. 

Vehicles over 22-feet long should enter the parks via Highway 180.

In winter, the Generals Highway between the parks often closes. Chains may be required on park roads.

No roads cross these parks east to west.",(559) 565-3341,SEKI_Interpretation@nps.gov,,,-118.587429,36.712773,,"Auto and ATV,Camping,Horse Camping (see also Horse/Stock Use),Climbing,Fishing,Picnicking,Hiking,Horseback Riding,Wildlife Watching,Sequoia & Kings Canyon National Parks",FALSE,TRUE,3/19/20,"['kings canyon', 'sequoia']"
2933,SHEN,128,Shenandoah National Park,"Just 75 miles from the bustle of Washington, D.C., Shenandoah National Park is your escape to recreation and re-creation. Cascading waterfalls, spectacular vistas, quiet wooded hollows—take a hike, meander along Skyline Drive, or picnic with the family. 200,000 acres of protected lands are haven to deer, songbirds, the night sky…and you. Plan a Shenandoah escape today!",,"Shenandoah National Park is located in the Blue Ridge Mountains of Virginia, west of Washington, D.C. It stretches 105 miles and has four entrances: Front Royal (northern entrance), Thornton Gap, Swift Run Gap, and Rockfish Gap (southern entrance to Shenandoah and the northern entrance to the Blue Ridge Parkway). The physical address listed is to the administrative offices, not the park itself. GPS can be unreliable for navigating to the park.",(540) 999-3500,shen_superintendent@nps.gov,,,-78.469077,38.492366,,"Auto and ATV,Camping,Climbing,Fishing,Picnicking,Hiking,Horseback Riding,Wildlife Watching,Shenandoah National Park",FALSE,TRUE,3/19/20,['shenandoah']
2949,THRO,128,Theodore Roosevelt National Park,"When Theodore Roosevelt came to Dakota Territory to hunt bison in 1883, he was a skinny, young, spectacled dude from New York. He could not have imagined how his adventure in this remote and unfamiliar place would forever alter the course of the nation. The rugged landscape and strenuous life that TR experienced here would help shape a conservation policy that we still benefit from today.",,"Theodore Roosevelt National Park is located in the Badlands of western North Dakota. 
There are three units to the park. The South Unit entrance is in the town of Medora, ND off of Interstate 94 exits 24 and 27. The North Unit entrance is on Highway 85 approximately 14 miles south of Watford City, ND. The remote Elkhorn Ranch Unit sits roughly in the middle of the North and South Units and is accessed via gravel roads. Consult park staff for directions to the Elkhorn Ranch Unit.",(701) 623-4466,thro_interpretation@nps.gov,,,-103.430008,47.177773,,"Auto and ATV,Biking,Camping,Horse Camping (see also Horse/Stock Use),Picnicking,Hiking,Horse Camping (see also camping),Wildlife Watching,Theodore Roosevelt National Park",FALSE,TRUE,3/19/20,['theodore roosevelt']
2967,VIIS,128,Virgin Islands National Park,"Virgin Islands National Park is more than just beautiful beaches. Hike to plantation ruins to learn about a time when sugar dominated the island. Visit the ancient petroglyphs carved by the Taino Indians. Come snorkel the coral reefs to discover hidden marine life.  Two-thirds of the island of St. John is national park, making it a unique destination for visitors from around the world.",,"There are no airports on St. John so you must fly to St. Thomas Cyril E. King Airport (code STT) and travel from there.
From the airport you rent a car and drive or take a taxi to Redhook (west end) St. Thomas.
From there you can either take a car barge to St. John or the people ferry.
Once on St. John you can easily walk from the ferry terminal to the Visitor Center.",(340) 776-6201,viis_interpretation@nps.gov,,,-64.741945,18.342797,,"Arts and Culture,Boating,Camping,Fishing,Picnicking,Hiking,Paddling,SCUBA Diving,Snorkeling,Swimming,Wildlife Watching,Virgin Islands National Park",FALSE,TRUE,3/19/20,['virgin islands']
2970,VOYA,128,Voyageurs National Park,"Voyageurs is a maze of interconnected water highways. Plan ahead before coming to this water-based park by bringing your own watercraft, reserving a watercraft, or taking a park ranger boat tour.",,"Voyageurs National Park is located in Northern Minnesota. The park shares its northern boundary with Canada and lies just west of the Boundary Water Canoe Area Wilderness. The park visitor centers are accessible by car but in order to truly experience the park, one must leave their vehicle behind and access the park by boat.",(218) 283-6600,VOYA_Info@nps.gov,,,-92.838291,48.483706,,"Arts and Culture,Biking,Boating,Camping,Fishing,Picnicking,Hiking,Living History,Paddling,Snow Tubing,Swimming,Water Skiing,Wildlife Watching,Voyageurs National Park",FALSE,TRUE,3/19/20,['voyageurs']
2979,WHSA,128,White Sands National Park,"Rising from the heart of the Tularosa Basin is one of the world's great natural wonders - the glistening white sands of New Mexico. Great wave-like dunes of gypsum sand have engulfed 275 square miles of desert, creating the world's largest gypsum dunefield. White Sands National Park preserves a major portion of this unique dunefield, along with the plants and animals that live here.",,White Sands National Park is located off of US Highway 70 between the cities of Las Cruces and Alamogordo. The monument is about 15 miles west of Alamogordo and 52 miles east of Las Cruces.,(575) 479-6124,whsa_interpretation@nps.gov,,,-106.333346,32.779079,,"Auto and ATV,Biking,Camping,Picnicking,Hiking,White Sands National Park",FALSE,TRUE,3/19/20,['white sands']
2980,WICA,128,Wind Cave National Park,"Bison, elk, and other wildlife roam the rolling prairie grasslands and forested hillsides of one of America's oldest national parks. Below the remnant island of intact prairie sits Wind Cave, one of the longest and most complex caves in the world. Named for barometric winds at its entrance, this maze of passages is home to boxwork, a unique formation rarely found elsewhere.",,"Wind Cave National Park is located in South Dakota about 11 miles north of Hot Springs, or about 22 miles south of Custer, on US Highway 385. The park Visitor Center, where all cave tours begin, is approximately 1/2 mile west of the highway.",(605) 745-4600,WICA_interpretation@nps.gov,,,-103.439471,43.580124,,"Auto and ATV,Camping,Picnicking,Hiking,Horseback Riding,Wildlife Watching,Wind Cave National Park",FALSE,TRUE,3/19/20,['wind cave']
2986,WRST,128,Wrangell - St Elias National Park & Preserve,"Wrangell St. Elias is a vast national park that rises from the ocean all the way up to 18,008 ft. At 13.2 million acres, the park is the same size as Yellowstone National Park, Yosemite National Park, and Switzerland combined! Within this wild landscape, people continue to live off the land as they have done for centuries. This rugged, beautiful land is filled with opportunities for adventure.",,"The administrative building and main park visitor center are located along the Richardson Highway (Hwy 4), which is a paved state highway that runs through Copper Center, AK. The buildings are 8 miles south of the Glenn Highway and Richardson Highway intersection near Glennallen, Alaska.  This is approximately 200 miles east of Anchorage, AK and 250 miles south of Fairbanks, AK.",(907) 822-5234,wrst_info@nps.gov,,,-142.602844,61.418215,,"Arts and Culture,Auto and ATV,Biking,Boating,Camping,Climbing,Fishing,Picnicking,Hiking,Hunting,Paddling,Wildlife Watching,Wrangell - St Elias National Park & Preserve",FALSE,TRUE,3/19/20,['wrangell']
2988,YELL,128,Yellowstone National Park,"On March 1, 1872, Yellowstone became the first national park for all to enjoy the unique hydrothermal and geologic wonders. Today, the park hosts millions of visitors annually, from winter visitors exploring wintery snowscapes to summer visitors observing wildlife in an intact ecosystem and watching those same hydrothermal wonders. What are some of your favorite Yellowstone memories?",,"Yellowstone National Park covers nearly 3,500 square miles in the northwest corner of Wyoming (3% of the park is in Montana and 1% is in Idaho). Yellowstone has five entrance stations, and several are closed to regular vehicles during winter. It takes many hours to drive between these entrances, so be sure to check the status of roads at the entrance you intend to use while planning your trip and before you arrive.",(307) 344-7381,yell_visitor_services@nps.gov,,,-110.547169,44.598244,,"Arts and Culture,Auto and ATV,Biking,Boating,Camping,Horse Camping (see also Horse/Stock Use),Fishing,Picnicking,Hiking,Horseback Riding,Paddling,Swimming,Wildlife Watching,Yellowstone National Park",FALSE,TRUE,3/19/20,['yellowstone']
2991,YOSE,128,Yosemite National Park,"Not just a great valley, but a shrine to human foresight, the strength of granite, the power of glaciers, the persistence of life, and the tranquility of the High Sierra.

First protected in 1864, Yosemite National Park is best known for its waterfalls, but within its nearly 1,200 square miles, you can find deep valleys, grand meadows, ancient giant sequoias, a vast wilderness area, and much more.",,"You can drive to Yosemite all year and enter via Highways 41, 140, and 120 from the west. Tioga Pass Entrance (via Highway 120 from the east) is closed from around November through late May or June. Hetch Hetchy is open all year but may close intermittently due to snow.

Please note that GPS units do not always provide accurate directions to or within Yosemite.",(209) 372-0200,yose_web_manager@nps.gov,,,-119.557187,37.848833,,"Arts and Culture,Auto and ATV,Biking,Boating,Camping,Climbing,Fishing,Hiking,Horseback Riding,Living History,Paddling,Snow Tubing,Swimming,Wildlife Watching,Yosemite National Park",FALSE,TRUE,3/19/20,['yosemite']
2994,ZION,128,Zion National Park,"Follow the paths where ancient native people and pioneers walked. Gaze up at massive sandstone cliffs of cream, pink, and red that soar into a brilliant blue sky. Experience wilderness in a narrow slot canyon. Zion’s unique array of plants and animals will enchant you as you absorb the rich history of the past and enjoy the excitement of present day adventures.",,"Zion National Park is located on State Route 9 in Springdale, Utah.",(435) 772-3256,zion_park_information@nps.gov,,,-113.026514,37.298393,,"Biking,Camping,Climbing,Hiking,Wildlife Watching,Zion National Park",FALSE,TRUE,3/19/20,['zion']
,,,,,,,,,,,,,,,,,,
,,,,,,,,,,,,,,,,,,